[
    {
        "id": 0,
        "caption": "구조사다리",
        "coins": "rescue ladder",
        "credits": 25,
        "minpersonnel": 5000,
        "maxpersonnel": 4,
        "water": 6,
        "foam": 3000,
        "undefined": 500
    },
    {
        "id": 1,
        "caption": "전술 대응 차량(TRV)",
        "coins": "Tactical Response Vehicle (TRV)",
        "credits": 25,
        "minpersonnel": 5000,
        "maxpersonnel": 4,
        "water": 6,
        "foam": 1500,
        "undefined": 250
    },
    {
        "id": 2,
        "caption": "고가 사다리(TL)",
        "coins": "Elevated Ladder (TL)",
        "credits": 30,
        "minpersonnel": 10000,
        "maxpersonnel": 0,
        "water": 2
    },
    {
        "id": 3,
        "caption": "지휘차",
        "coins": "command car",
        "credits": 25,
        "minpersonnel": 10000,
        "maxpersonnel": 0,
        "water": 1
    },
    {
        "id": 4,
        "caption": "구조공작차(MRU)",
        "coins": "Rescue Operation Unit (MRU)",
        "credits": 25,
        "minpersonnel": 12180,
        "maxpersonnel": 2,
        "water": 3
    },
    {
        "id": 5,
        "caption": "구급차",
        "coins": "ambulance",
        "credits": 25,
        "minpersonnel": 5000,
        "maxpersonnel": 3,
        "water": 3
    },
    {
        "id": 6,
        "caption": "물탱크차",
        "coins": "water tank car",
        "credits": 25,
        "minpersonnel": 17300,
        "maxpersonnel": 0,
        "water": 2,
        "foam": 6000
    },
    {
        "id": 7,
        "caption": "생화학 인명구조차",
        "coins": "biochemical lifesaving vehicle",
        "credits": 25,
        "minpersonnel": 19200,
        "maxpersonnel": 0,
        "water": 4
    },
    {
        "id": 8,
        "caption": "사고 대응차량(IRV)",
        "coins": "Incident Response Vehicle (IRV)",
        "credits": 25,
        "minpersonnel": 5000,
        "maxpersonnel": 2,
        "water": 4
    },
    {
        "id": 9,
        "caption": "구급 헬리콥터",
        "coins": "ambulance helicopter",
        "credits": 30,
        "minpersonnel": 300000,
        "maxpersonnel": 3,
        "water": 5
    },
    {
        "id": 10,
        "caption": "이동식 호흡 장비",
        "coins": "mobile breathing equipment",
        "credits": 25,
        "minpersonnel": 11680,
        "maxpersonnel": 0,
        "water": 3
    },
    {
        "id": 11,
        "caption": "구조 공작차",
        "coins": "structural machine tool",
        "credits": 25,
        "minpersonnel": 19000,
        "maxpersonnel": 0,
        "water": 9,
        "foam": 3000,
        "undefined": 500
    },
    {
        "id": 12,
        "caption": "사다리차",
        "coins": "ladder truck",
        "credits": 25,
        "minpersonnel": 19000,
        "maxpersonnel": 0,
        "water": 2
    },
    {
        "id": 13,
        "caption": "긴급 이송차",
        "coins": "emergency vehicle",
        "credits": 20,
        "minpersonnel": 4000,
        "maxpersonnel": 2,
        "water": 2
    },
    {
        "id": 14,
        "caption": "구급 지휘차",
        "coins": "ambulance command vehicle",
        "credits": 25,
        "minpersonnel": 20000,
        "maxpersonnel": 2,
        "water": 3
    },
    {
        "id": 15,
        "caption": "일반의",
        "coins": "general"
    },
    {
        "id": 16,
        "caption": "긴급 이송용 오토바이",
        "coins": "emergency transport motorcycle",
        "credits": 15,
        "minpersonnel": 12000
    },
    {
        "id": 17,
        "caption": "기본 인명 지원(BLS) 구급차",
        "coins": "Basic Life Support (BLS) Ambulance",
        "credits": 12,
        "minpersonnel": 5000,
        "maxpersonnel": 2,
        "water": 2
    },
    {
        "id": 18,
        "caption": "기동형 지휘차량",
        "coins": "mobile command vehicle",
        "credits": 10,
        "minpersonnel": 25000,
        "maxpersonnel": 0,
        "water": 2
    }
]